name,id,minutes,contributor_id,submitted,tags,nutrition,n_steps,steps,description,ingredients,n_ingredients
crab spinach casserole,81788,60,87877,2004-01-22,"['60-minutes-or-less', 'time-to-make', 'course', 'main-ingredient', 'preparation', 'casseroles', 'main-dish', 'eggs-dairy', 'seafood', 'vegetables', 'oven', 'crab', 'cheese', 'stove-top', 'dietary', 'low-calorie', 'low-carb', 'low-in-something', 'shellfish', 'greens', 'spinach', 'equipment']","[395.7, 32.0, 14.0, 38.0, 58.0, 48.0, 8.0]",8,"['spread spinach in bottom of a well buttered square 8"" baking dish', 'combine mayonnaise , flour , salt , pepper , garlic , paprika , rosemary and thyme in a medium saucepan', 'add onion and mushrooms , and cook over medium heat until bubbly , stirring frequently', 'gradually add milk , and cook over medium heat until thickened , stirring constantly', 'stir in eggs', 'pour into baking dish', 'top with crab and cheese', 'bake at 350 degrees f for 30 minutes or until bubbly and cheese is melted']","another quick, easy, tasty casserole i have had for years","['frozen chopped spinach', 'mayonnaise', 'flour', 'salt', 'fresh ground black pepper', 'garlic granules', 'sweet paprika', 'dried rosemary', 'dried thyme', 'onion', 'fresh mushrooms', 'milk', 'hard-boiled eggs', 'frozen crabmeat', 'swiss cheese']",15
curried beef,390799,80,186855,2009-09-17,"['weeknight', 'time-to-make', 'course', 'main-ingredient', 'cuisine', 'preparation', 'occasion', 'north-american', 'main-dish', 'beef', 'pork', 'caribbean', 'central-american', 'comfort-food', 'oamc-freezer-make-ahead', 'inexpensive', 'meat', 'taste-mood', 'number-of-servings', '4-hours-or-less']","[302.7, 31.0, 9.0, 37.0, 47.0, 33.0, 2.0]",12,"['heat oil in a large saucepan , over medium heat', 'add onions , garlic , scotch bonnet pepper and curry powder', 'stir until onions begin to soften', 'add beef , and stir until meat is browned and well coated with the spice mixture', 'add broth , thyme , salt and pepper', 'bring to a boil', 'reduce heat , then simmer , covered , for 1 to 1-1 / 2 hours , or until the meat is tender', 'meat should be almost covered with liquid at all times', 'add more broth if necessary', 'if you like a thicker gravy , mix together the cold water and flour', 'bring the curry to a boil , and stir whilst adding the water / flour mix', 'simmer until thickened']","curried beef was a staple when i was growing up, therefore consider it one of my favourite 'comfort' foods.  more often than not, my mother used goat meat.  if you get the chance, i highly recommend giving it a try.  the curried meat was usually served with rice 'n peas (recipe #373354 is a good version) or plain white rice.  you could also substitute the beef with pork tenderloin.  the amount of curry given is just a guideline.  each brand and type of curry has it's own unique qualities and intensity.  if you do not have access to scotch bonnet peppers, habeneros or jalapenos will do. freezes well for later use.","['vegetable oil', 'onion', 'garlic', 'scotch bonnet pepper', 'curry powder', 'lean beef', 'beef broth', 'thyme', 'salt', 'black pepper', 'flour', 'cold water']",12
delicious steamed whole artichokes,249216,55,37449,2007-08-27,"['60-minutes-or-less', 'time-to-make', 'course', 'main-ingredient', 'cuisine', 'preparation', 'occasion', 'north-american', 'low-protein', 'side-dishes', 'vegetables', 'american', 'easy', 'european', 'dinner-party', 'holiday-event', 'vegetarian', 'dietary', 'low-sodium', 'low-cholesterol', 'low-saturated-fat', 'low-calorie', 'low-carb', 'healthy-2', 'low-in-something']","[230.3, 21.0, 12.0, 5.0, 10.0, 9.0, 7.0]",22,"['put the parsley , garlic , bay leaves , lemons , wine , oil and water in a large pot and bring to a simmer', 'season the liquid with salt and pepper', 'in the meantime prepare the artichokes:', 'wash artichokes under cold water', 'using a heavy stainless steel knife , cut off the stems close to the base', 'pull off the lower petals that are small and tough', 'cut off the top inch of the artichoke and rub with half a lemon to preserve the green color', 'or you may put the artichokes in water that has some lemon juice in it', 'if you wish , trim the thorny', 'place the artichokes in the steaming broth , bottom up', 'cover and simmer for about 30 minutes', 'the artichokes are done when a knife is inserted into the base and there is no resistance', 'to eat , pull off a leaf and scrape the meat off the tender end with your front teeth', 'dip the ends of the leaves in lemon juice and melted butter if desired', 'when you reach the center cone of purple prickly leaves , remove it', 'this is the choke that protects the heart', 'now , scrape away the thistle fuzz covering the artichoke heart', 'the heart is the meatiest and in my opinion , the best part of the artichoke', 'steamed artichokes may be served hot or cold', 'enjoy !', 'you may dip the artichoke in mayonnaise that has lemon added to it , or butter and lemon juice', 'yum !']","from food 911, these are so good! i used to live in watsonville, california, the artichoke capital!","['parsley', 'garlic cloves', 'bay leaves', 'lemons', 'white wine', 'olive oil', 'water', 'salt and pepper', 'artichokes']",9
pork tenderloin with hot mustard sauce,284806,55,262312,2008-02-07,"['60-minutes-or-less', 'time-to-make', 'course', 'main-ingredient', 'preparation', 'occasion', 'main-dish', 'pork', 'easy', 'beginner-cook', 'dinner-party', 'holiday-event', 'spicy', 'meat', 'taste-mood', 'savory', 'number-of-servings']","[196.2, 8.0, 29.0, 31.0, 51.0, 7.0, 3.0]",11,"['combine first 9 ingredients', 'rub mixture all over pork', 'remember to let meat come to room temperature before roasting', 'place pork in a casserole sprayed with nonstick cooking spray or use a roasting pan', 'sprinkle sesame seeds all over pork', 'bake pork at 400 degrees for 45 minutes or until internal temperature reaches 160 degrees', 'remove pork from oven and let rest for 5 minutes', 'for the sauce: combine horseradish , mustard and honey in a bowl', 'microwave 1-2 minutes , just until sauce is heated through', 'if sauce is too strong or spicy , you can tame it down by adding more honey and a tablespoon of water', 'slice pork and serve with hot mustard sauce']",love this recipe!!  i got it from my mom.  i always serve with roasted broccoli.  enjoy!,"['seasoned pepper', 'brown sugar', 'soy sauce', 'honey', 'dry mustard', 'garlic powder', 'onion powder', 'cinnamon', 'dry red wine', 'pork tenderloin', 'sesame seeds', 'prepared horseradish', 'dijon mustard']",13
mixed barbecue sauce,187970,15,163722,2006-09-27,"['15-minutes-or-less', 'time-to-make', 'course', 'preparation', 'sauces', 'condiments-etc', 'easy', 'savory-sauces', '3-steps-or-less']","[249.8, 23.0, 108.0, 27.0, 1.0, 48.0, 9.0]",2,"['combine all ingredients', 'cook until garlic is tender and butter is melted']",this is a barbecue sauce i made up by combining several different sauces. i was never the barbecuer in the family so now that i enjoy grilling i combined several recipes from friends and family to make my own everyone enjoys it.,"['catsup', 'brown sugar', 'celery seed', 'salt', 'white vinegar', 'garlic clove', 'worcestershire sauce', 'tabasco sauce', 'liquid smoke', 'butter']",10
buttercream frosting  decorators icing,127742,10,145599,2005-06-27,"['15-minutes-or-less', 'time-to-make', 'course', 'preparation', 'low-protein', '5-ingredients-or-less', 'desserts', 'easy', 'cakes', 'dietary', 'cake-fillings-and-frostings', 'low-in-something', '3-steps-or-less']","[4302.9, 252.0, 2844.0, 78.0, 0.0, 236.0, 241.0]",8,"['in large mixing bowl , beat together shortening and salt', 'gradually add vanilla , confectioners sugar and water', 'beat constantly until fluffy', 'cover bowl with a damp cloth while using so it doesnt dry out', 'food coloring or color paste may be added to match wedding colors', 'use a decorator bag and', 'use writing', 'use leaf']",this looked like a good basic icing recipe. i don't remember where i got it from though.,"['vegetable shortening', 'salt', 'vanilla', ""confectioners' sugar"", 'water']",5
creamy cheesy scrambled eggs   christmas morning eggstravaganza,343294,10,64667,2008-12-13,"['15-minutes-or-less', 'time-to-make', 'course', 'main-ingredient', 'cuisine', 'preparation', 'occasion', 'north-american', 'very-low-carbs', 'omelets-and-frittatas', 'breakfast', 'lunch', 'eggs-dairy', 'american', 'canadian', 'easy', 'holiday-event', 'kid-friendly', 'vegetarian', 'easter', 'cheese', 'eggs', 'dietary', 'christmas', 'gluten-free', 'seasonal', 'low-carb', 'midwestern', 'inexpensive', 'free-of-something', 'low-in-something', 'brunch', 'number-of-servings']","[366.6, 48.0, 6.0, 22.0, 32.0, 81.0, 1.0]",9,"['preheat frying pan over medium heat', ""whilst that's heating , process eggs , milk , cheese and s & p in blender until frothy"", 'turn heat in pan down to medium-low , drop butter into pan , smear it around', 'immediately add blender ingredients and cook without stirring until eggs set on bottom', 'draw a spatula across the bottom to form large curds', 'continue cooking , eggs should be thickened but still moist for best texture and edibilty', 'do not stir constantly !', 'remove from heat', 'sprinkle with chives , serve warm']","are you kidding?  they let you eat this stuff?  oh my!!   don't wait for christmas morning, have some any day of the year.   we raise our own laying hens, so i'm always on the look-out for bumper-crop recipes like this for my crew.   thanks to the gooseberry patch ladies for another egg-cellent recipe--altho' i've tweaked for my family.","['eggs', 'milk', 'cream cheese', 'salt', 'pepper', 'butter', 'chives']",7
christmas heat,76215,5,37779,2003-11-12,"['15-minutes-or-less', 'time-to-make', 'course', 'preparation', 'occasion', 'for-1-or-2', '5-ingredients-or-less', 'beverages', 'easy', 'holiday-event', 'cocktails', 'christmas', 'number-of-servings', '3-steps-or-less']","[34.7, 0.0, 0.0, 0.0, 0.0, 0.0, 0.0]",5,"['add the triple sec , vodka , and cinnamon schnapps', 'stir', 'fill mug with hot apple juice', 'stir', 'enjoy']",it's christmas eve and you've just put the kids to bed. time for a little christmas heat.,"['triple sec', 'vodka', 'cinnamon schnapps', 'apple juice']",4
pilgrim s sandwich spread,178950,15,335991,2006-07-24,"['15-minutes-or-less', 'time-to-make', 'course', 'main-ingredient', 'cuisine', 'preparation', 'occasion', 'north-american', 'lunch', 'condiments-etc', 'snacks', 'dietary', 'sandwiches', 'comfort-food', 'high-protein', 'low-carb', 'high-in-something', 'low-in-something', 'meat', 'taste-mood']","[188.6, 14.0, 4.0, 10.0, 39.0, 22.0, 1.0]",6,"['chop chicken in food processor', 'grate carrots , celery and cheese', 'chop onion and egg', 'combine all ingredients with enough mayonnaise to bind , mixing well', 'refrigerate for about four hours , then mix well again', 'serve as sandwiches or on crackers']","this is an adaptation of a recipe originally attributed to prem (a 1940's - 1950's) competitor of spam.  

the meat can be whatever you have leftover -roast beef, roast pork, ham, turkey, chicken, etc. 

choose your cheese (cheddar, swiss, colby etc) to match your meat.","['cooked chicken', 'carrot', 'celery', 'egg', 'cheddar cheese', 'dill pickle relish', 'onion', 'mayonnaise']",8
creme de menthe gelato,211189,390,445492,2007-02-13,"['course', 'main-ingredient', 'cuisine', 'desserts', 'eggs-dairy', 'european', 'frozen-desserts', 'italian', 'dietary', 'low-sodium', 'low-in-something']","[498.7, 38.0, 205.0, 3.0, 15.0, 70.0, 17.0]",15,"['set aside a large bowl of ice water', 'in a saucepan , bring milk and half of sugar to a simmer , stirring until sugar is dissolved', 'add crme de menthe', 'in another bowl , mix or whisk yolks and remaining sugar until thick and pale', 'to this add hot milk slowly , whisking , and pour mixture back into saucepan when finished', 'cook over moderately low heat , stirring constantly , for approx 20 minutes', 'do not allow mixture to boil !', 'pour custard through a fine sieve into a freezer container , stir in cream and set in the bowl of ice water to cool', 'chill in refrigerator until cold', 'press plastic wrap to the surface of the mixture and cover container with a lid', 'put in the freezer until frozen ,', 'remove from freezer and whisk with a hand blender to break up any ice crystals', 'return to freezer', 'repeat process one to three more times until it reaches desired smoothness', 'garnish with mint leaves or shaved chocolate']",this gelato recipe is made the old fashioned way but you can use an ice cream freezer if you have one.  use green creme de menthe for the lovely green color. allow up to 7 hours for freezing. you can add 2/3 cup chocolate chips at the freezing stage for mint chocolate chip gelato if desired.,"['superfine sugar', 'egg yolks', 'whole milk', 'vanilla', 'heavy cream', 'creme de menthe']",6
lamb patties with yoghurt and cucumber dressing,96491,130,71324,2004-07-28,"['time-to-make', 'course', 'main-ingredient', 'cuisine', 'preparation', 'lunch', 'main-dish', 'lamb-sheep', 'african', 'grains', 'dietary', 'low-carb', 'low-in-something', 'meat', 'pasta-rice-and-grains', '4-hours-or-less']","[353.6, 40.0, 11.0, 52.0, 39.0, 57.0, 3.0]",12,"['for the lamb patties put the bulgur wheat in a bowl and cover with hot water', 'set aside and allow to swell', 'mix the lamb mince and crushed garlic', 'season with salt and pepper to taste', 'add the chopped mint , coriander and the harrisa paste', 'squeeze the water from the wheat and add to the meat , mix well', 'form the mix into little patties , roughly the size of a flat golf ball', 'cover with clingfilm and chill for a minimum of 1 hour', 'heat oil in a non-stick frying pan and fry until cooked through and golden , 5-10 minutes', 'for the dressing put the grated cucumber in a colander and sprinkle with salt , leave for 30 minutes', 'squeeze the cucumber dry and mix with yoghurt and mint', 'season with black pepper to taste']",this is really tasty. makes a light main dish when served with flatbread and salad. i have also used sambal oelek instead of the harrisa paste which worked just as well.  prep time includes chilling. coriander in this recipe refers to fresh coriander leaves or cilantro.,"['olive oil', 'bulgur wheat', 'ground lamb', 'garlic cloves', 'mint', 'coriander', 'harissa', 'salt', 'fresh ground black pepper', 'cucumber', 'plain yogurt']",11
hamburger salad,353566,5,146991,2009-02-02,"['15-minutes-or-less', 'time-to-make', 'course', 'main-ingredient', 'cuisine', 'preparation', 'north-american', 'for-1-or-2', 'salads', 'beef', 'american', 'easy', 'beginner-cook', 'diabetic', 'dietary', 'meat', 'number-of-servings']","[385.9, 33.0, 59.0, 49.0, 34.0, 38.0, 12.0]",5,"['combine mayo and mustard', 'crumble burger into mixture and combine', 'place lettuce on plate', 'top with burger mixture', 'top with remaining ingredients and enjoy !']","i saw this method shared in a magazine.  we tried it and now love it!  
***warning*** this more of a method/idea than an actual recipe, therefore, if you need precise measurments you will be disappointed.
this is also good with jalepenos or pepperocini peppers.   use whatever you like on your burgers.","['hamburger patty', 'mayonnaise', 'mustard', 'onion', 'dill pickle', 'cheddar cheese', 'tomatoes', 'romaine lettuce']",8
szechuan noodles with minced beef,15446,25,14336,2001-12-07,"['30-minutes-or-less', 'time-to-make', 'course', 'main-ingredient', 'cuisine', 'preparation', 'for-1-or-2', 'lunch', 'beef', 'pasta', 'asian', 'chinese', 'dietary', 'stir-fry', 'ground-beef', 'meat', 'pasta-rice-and-grains', 'number-of-servings', 'technique']","[388.2, 35.0, 10.0, 41.0, 62.0, 45.0, 2.0]",8,"['dissolve corn flour in water to get corn flour solution', 'heat oil in a pan , lightly fry the garlic , onion and chili paste until fragrant', 'add the beef and fry for 5 minutes', 'add the wine , hoisin sauce , salt and pepper and cook for another 2 minutes', 'add the stock , bring to boil and thicken with corn flour solution', 'pour the sauce over the cooked noodles', 'garnish with sliced spring onion , coriander leaves and chili padi', 'ready to serve']","if you like chinese noodles, why not try this.","['cornflour', 'water', 'oil', 'garlic', 'onion', 'red chili paste', 'minced beef', 'cooking wine', 'hoisin sauce', 'salt', 'pepper', 'beef stock', 'hong kong noodles', 'fried onions', 'spring onion', 'coriander leaves', 'red chilli padi']",17
barbecue cola chicken,161717,55,53959,2006-03-27,"['60-minutes-or-less', 'time-to-make', 'course', 'main-ingredient', 'preparation', 'healthy', '5-ingredients-or-less', 'main-dish', 'poultry', 'barbecue', 'easy', 'low-fat', 'chicken', 'dietary', 'low-saturated-fat', 'low-calorie', 'low-carb', 'low-in-something', 'meat', 'chicken-breasts', 'equipment', 'grilling', '3-steps-or-less']","[194.7, 4.0, 43.0, 16.0, 50.0, 3.0, 4.0]",15,"['in a medium bowl , mix barbecue sauce , minced onion and cola beverage', 'divide barbecue sauce mixture evenly into 2 resealable food storage plastic bags', 'add 6 chicken breasts to each bag', 'seal bags and turn to coat', 'refrigerate at least 6 hours or overnight to marinate , turning bags once or twice', 'when ready to cook chicken , heat gas or charcoal grill', 'when grill is heated , carefully oil grill rack', 'remove chicken from marinade', 'reserve marinade', 'place chicken on gas grill over medium heat or on charcoal grill over medium coals', 'cover grill', 'cook 12 to 15 minutes , turning occasionally , until juice is no longer pink when centers of thickest pieces are cut and thermometer inserted in centers read 170', 'in a 1 quart saucepan , heat remaining marinade to boiling', 'boil 3-4 minutes', 'serve chicken with sauce']",great for casual get-togethers.,"['barbecue sauce', 'dried onion flakes', 'coca-cola', 'boneless skinless chicken breasts']",4
cream of onion soup,38251,110,28201,2002-08-26,"['weeknight', 'time-to-make', 'course', 'main-ingredient', 'cuisine', 'preparation', 'occasion', 'north-american', 'low-protein', 'bisques-cream-soups', 'main-dish', 'soups-stews', 'vegetables', 'american', 'dinner-party', 'fall', 'winter', 'stove-top', 'dietary', 'one-dish-meal', 'low-sodium', 'low-cholesterol', 'seasonal', 'low-calorie', 'comfort-food', 'low-carb', 'low-in-something', 'taste-mood', 'equipment', '4-hours-or-less']","[216.8, 19.0, 24.0, 4.0, 13.0, 37.0, 7.0]",13,"['melt butter in heavy large pot over medium heat', 'add 9onions and saute until very tender and pale golden , about 25 minutes', 'add garlic , and stir 1 minute', 'add broth and potato and bring to boil', 'reduce heat', 'cover and simmer until potato is very tender , about 25 minutes', 'cool slightly', 'working in batches , puree soup in blender', 'return to pot', 'stir in cream , sherry and thyme', 'simmer about 10 minutes', 'season with salt and pepper', 'sprinkle with chives']","when you're feeling blue or out of sorts, a nice bowl of soup may be just what you need. this recipe fits the bill!","['butter', 'onions', 'garlic cloves', 'low sodium chicken broth', 'russet potatoes', 'whipping cream', 'dry sherry', 'fresh thyme', 'fresh chives']",9
haricots verts with browned garlic,209591,26,37779,2007-02-06,"['30-minutes-or-less', 'time-to-make', 'course', 'main-ingredient', 'preparation', 'low-protein', 'very-low-carbs', 'side-dishes', 'beans', 'stove-top', 'dietary', 'low-cholesterol', 'low-saturated-fat', 'low-calorie', 'low-carb', 'low-in-something', 'equipment']","[53.9, 3.0, 11.0, 31.0, 4.0, 6.0, 2.0]",9,"['bring water and 2 teaspoons salt to a boil in a large pan', 'add in beans', 'cook 2-3 minutes or until crisp-tender', 'drain', 'melt butter in a pan over medium heat', 'add in garlic and shallots', 'cook 4 minutes or until lightly browned , stirring occasionally', 'add teaspoon salt , beans , rosemary , and pepper', 'cook 4 minutes or until thoroughly heated , stirring occasionally']",cooking light,"['water', 'salt', 'french haricots vert', 'butter', 'garlic', 'shallots', 'fresh rosemary', 'fresh ground black pepper']",8
chili lovers chili 1,50663,205,51475,2003-01-10,"['weeknight', 'time-to-make', 'course', 'main-ingredient', 'cuisine', 'preparation', 'occasion', 'north-american', 'main-dish', 'beef', 'american', 'southwestern-united-states', 'tex-mex', 'chili', 'stove-top', 'spicy', 'ground-beef', 'meat', 'taste-mood', 'equipment', '4-hours-or-less']","[674.9, 45.0, 18.0, 16.0, 98.0, 54.0, 17.0]",7,"['brown beef and pork in skillet', 'drain for at least 15 minutes to rid of all the grease', 'place back in pan and over med heat add everything except- tequila , beer and beans', 'bring just to a boil then reduce heat', 'add beer and tequila', 'simmer for about 2 to 3 hours', 'add beans during the last half hour']",this is almost the same as #32436 with the exception that it shows the amounts. i changed a couple things but the recipe is basically the same thanks sparkle for the starting point. it's awesome !!!!!!!! however it blows the calories to heck. with 8 servings it comes to 466 cal. with 6 servings it's 621 cal. guess you guys will figure this out from the ingredients.,"['ground beef', 'ground pork', 'onions', 'celery', 'green bell pepper', 'tomatoes', 'water', 'beef bouillon cubes', 'cumin', 'chili powder', 'black pepper', 'salt', 'garlic', 'oregano', 'dry mustard', 'tequila', 'beer', 'paprika', 'unsweetened cocoa powder', 'ground coriander', 'cayenne pepper', 'pinto beans', 'hot sauce']",23
s mores drip cake,534957,120,33186,2018-01-18,"['time-to-make', 'course', 'main-ingredient', 'preparation', 'low-protein', 'desserts', 'cakes', 'chocolate', 'dietary', 'low-sodium', 'low-in-something', '4-hours-or-less']","[912.3, 88.0, 351.0, 10.0, 4.0, 131.0, 33.0]",32,"['make 3 layers of chocolate cake following package instructions for 8-inch cake pans', 'to make buttercream:', 'in a medium bowl , hand blend butter and shortening until creamy and well-mixed', 'add marshmallow cream and vanilla extract', 'blend until combined', 'add powdered sugar in batches to avoid a mess , blend after each addition', 'add milk and mix until incorporated', 'remove 1 1 / 2 cup of buttercream and place in a new , small bowl', 'add cocoa powder and mix until combined', 'to the other half of buttercream , add graham cracker crumbs and mix', 'set both the chocolate and graham cracker butter cream aside', 'to make meringue:', 'in a stand mixer , combine egg whites and sugar', 'mix until stiff , glossy peaks form', 'to make ganache:', 'using a double boiler , add the mini chocolate chips and the cream to a heat proof bowl sitting above hot water', 'mix until melted and remove from heat', 'fill piping bag or clean squeezer bottle with the ganache once its cooled a bit', 'assembly:', 'cut tops of chocolate cakes so they are all flat and even', 'place your first layer on a cake board and secure with a small dab of graham buttercream', 'spread a layer of butter cream on top', 'stack another chocolate cake layer on top and spread another layer of graham buttercream on top', 'layer your third and final cake round on top of the other two , and spread graham buttercream on top and around the sides of the cake', 'after the cake is covered , use an icing smoother to perfect the top and edges', ""pipe 3 stripes of chocolate butter cream around the cake's sides and flatten using an icing smoother"", 'gently press graham cracker crumbs around the base of the cake', 'pipe ganache around the top edge of the cake so that vertical lines cascade along the sides of the cake', 'pour and spread the remaining ganache on top of the cake and spread evening using an offset spatula', 'let set at bit before the next step', ""spread the meringue topping on the top of the cake , making dramatic waves and peaks , then , using a kitchen torch , lightly roast the marshmallow topping a la s'mores"", 'serve immediately']",no campfire required for this s'mores dessert in the form of a jubilant cake topped with a flame-licked meringue and dark chocolate drips.,"['chocolate cake mix', 'butter', 'shortening', 'marshmallow cream', 'vanilla extract', 'powdered sugar', 'milk', 'cocoa powder', 'graham cracker crumbs', 'egg whites', 'sugar', 'semi-sweet chocolate chips', 'heavy cream']",13
bahama breeze tostones con pollo,453194,40,1366911,2011-04-07,"['60-minutes-or-less', 'time-to-make', 'course', 'cuisine', 'preparation', 'occasion', 'appetizers', 'main-dish', 'south-american', 'dietary', 'copycat', 'low-carb', 'low-in-something']","[536.9, 72.0, 34.0, 19.0, 28.0, 55.0, 5.0]",10,"['heat vegetable oil in fryer or deep skillet over medium high heat until sizzling when a small drop of water is added', 'fry frozen tostones in batches of 5 or 6 until crispy and golden', 'sprinkle with salt and set aside', 'in separate skillet heat butter over medium heat', 'add chicken , cumin and taco seasoning , stirring occasionally until nearly cooked through', 'add in bell peppers , onions and mushrooms', 'cover and cook until soft', 'stir in cheese until melted', 'to serve , top 6-7 tostones with chicken mixture', 'top with a few spoonfulls of fresh salsa and sour cream if desired']","omg! they're like spanish chicken nachos. amazing!!! i buy my tostones (green plantains) at my local produce store, but they can be found at any spanish market. they come ""pre-cooked /frozen."" do not thaw before frying!","['vegetable oil', 'green plantain', 'butter', 'boneless skinless chicken breasts', 'cumin', 'taco seasoning', 'sweet bell peppers', 'onion', 'mushroom', 'mexican cheese', 'salsa']",11
banana walnut pancake  paleo compliant,522498,15,276833,2015-06-25,"['15-minutes-or-less', 'time-to-make', 'course', 'preparation', 'breakfast', 'easy', '3-steps-or-less']","[609.1, 50.0, 216.0, 15.0, 25.0, 49.0, 24.0]",16,"['in a large bowl , mash bananas , add eggs , flour , baking powder , baking soda , vanilla , and cinnamon', 'mix thoroughly', 'let sit for 20 minute add coconut milk to thin out if too thick to pour', 'grease cast-iron skillet or griddle with butter or coconut oil', 'pour 1 / 4 cup per pancake', 'sprinkle with walnuts', 'turn , once set and beginning to brown', 'brown on other side', 'remove and keep warm', ""don't use as high a heat as you would regular pancakes"", ""the banana pancakes need time to set and you don't want them to burn"", ""if they break when turning , just form back together--it's all good"", 'another method that works well is to use a small , non-stick fry-pan with a lid', 'the lid helps to get the pancake to set quicker', 'serve with raw honey or other paleo--approved toppings', 'i like to puree strawberries with a tablespoon of honey']","this is a great way to use up bananas that are getting too ripe to eat.  this is very, very tasty so its a win-win and paleo approved.  yeah.  it's paleo, but not recommended if weight loss is your primary goal.  these are very rich--so two per person is usually more than enough.","['bananas', 'walnuts', 'eggs', 'coconut flour', 'baking powder', 'vanilla extract', 'baking soda', 'cinnamon', 'coconut milk', 'butter', 'honey']",11
black widow spider,112228,5,83400,2005-02-27,"['15-minutes-or-less', 'time-to-make', 'course', 'cuisine', 'preparation', 'occasion', 'south-west-pacific', 'low-protein', 'healthy', '5-ingredients-or-less', 'beverages', 'australian', 'easy', 'fall', 'holiday-event', 'kid-friendly', 'low-fat', 'dietary', 'low-sodium', 'low-cholesterol', 'halloween', 'seasonal', 'shakes', 'low-saturated-fat', 'low-calorie', 'low-in-something', '3-steps-or-less']","[124.6, 4.0, 94.0, 1.0, 1.0, 8.0, 8.0]",3,"['combine all ingredients', 'blend , in batches if necessary , until smooth', 'serve immediately to six eager children']","a creamy, cola and ice-cream drink, for children of all ages. perfect for halloween and birthday parties.","['cola drink', 'vanilla ice cream', 'lemon juice']",3
amaretto mocha protein drink,289300,5,225896,2008-02-29,"['15-minutes-or-less', 'time-to-make', 'course', 'preparation', 'for-1-or-2', 'beverages', 'breakfast', 'easy', 'vegetarian', 'dietary', 'shakes', 'number-of-servings', '3-steps-or-less']","[48.6, 0.0, 25.0, 2.0, 8.0, 0.0, 2.0]",3,"['put ingredients in blender , in the order listed', 'blend until smooth and creamy', 'enjoy !']","since lately i've been drinking protein drinks nearly everyday, i like to keep it interesting. this is a simple recipe that adds a little variety. it's a great breakfast or mid morning snack!","['ice', 'nonfat milk', 'chocolate whey protein powder', 'instant coffee granules', 'almond extract', 'vanilla extract']",6
green bean  tomato   anaheim peppers,98688,40,4470,2004-08-27,"['60-minutes-or-less', 'time-to-make', 'course', 'main-ingredient', 'preparation', 'occasion', 'for-1-or-2', 'low-protein', 'healthy', 'side-dishes', 'vegetables', 'oven', 'easy', 'dinner-party', 'low-fat', 'dietary', 'low-sodium', 'low-cholesterol', 'low-saturated-fat', 'low-calorie', 'low-carb', 'healthy-2', 'low-in-something', 'peppers', 'equipment', 'small-appliance', 'number-of-servings', '3-steps-or-less']","[69.3, 1.0, 17.0, 2.0, 7.0, 0.0, 4.0]",3,"['arrange the beans , tomatoes , peppers , & garlic in an oven proof dish , season with salt& pepper', 'pour in the chicken stock', 'cover and bake at 350f for apprx 30 minutes , less if you want the beans crisp']","when the garden abounds you need to get a bit creative, you may add cheese, a bit of butter, leave it crisper - it is up to you - this worked for me. if you like leave the curly q on the end of the bean. for the chicken stock i just use 1 teasp of powdered soup mix and 1/4 cup very hot water. i baked this dish in my toaster oven","['fresh green beans', 'cherry tomatoes', 'anaheim chilies', 'garlic', 'chicken stock']",5
nanas remoulade sauce,217106,10,461283,2007-03-16,"['15-minutes-or-less', 'time-to-make', 'course', 'preparation', 'occasion', 'sauces', 'appetizers', 'condiments-etc', 'easy', 'beginner-cook', 'summer', 'dips', 'seasonal', 'savory-sauces', 'presentation', 'served-cold', '3-steps-or-less']","[223.7, 33.0, 17.0, 15.0, 4.0, 15.0, 2.0]",3,"['in a food processor or blender blend garlic , egg , and anchovies to a smooth paste', 'transfer to a bowl and stir in remaining ingredients', 'refrigerate']","this was my grandmother’s sauce for boiled shrimp or crawfish, fried green tomatoes, or cold lobster. really, the possibilities are endless. this is the best remoulade i have ever had and that is saying a lot coming from someone who grew up in new orleans. a pretty salad can be made by placing cold, boiled and peeled shrimp over a bed of shredded lettuce, tomato slices and a dollop of this remoulade.","['garlic cloves', 'hard-boiled egg', 'anchovies', 'olive oil', 'white wine vinegar', 'lemon juice', 'ketchup', 'worcestershire sauce', 'creole mustard', 'dry mustard', 'dijon mustard', 'paprika', 'salt and pepper']",13
pinky lady lemonade cocktail,327232,3,96177,2008-09-25,"['15-minutes-or-less', 'time-to-make', 'course', 'preparation', 'for-1-or-2', '5-ingredients-or-less', 'beverages', 'easy', 'cocktails', 'number-of-servings', '3-steps-or-less']","[425.6, 1.0, 318.0, 0.0, 0.0, 0.0, 27.0]",4,"['prepare pink lemonade by diluting with water per the instructions on container', 'in a glass 3 / 4 filled with ice , pour schnapps & vodka', 'add lemonade and a splash of ginger ale , stir', 'garnish with orange slice if desired']","peach schnapps and ginger ale give this lemonade cocktail a zip! if you like a sweeter drink, increase the schnapps, but hang on to your hat! you can use yellow lemonade too.","['vodka', 'peach schnapps', 'frozen pink lemonade concentrate', 'ginger ale', 'orange']",5
quick black bean soup,324717,40,951983,2008-09-11,"['60-minutes-or-less', 'time-to-make', 'course', 'preparation', 'healthy', 'soups-stews', 'low-fat', 'dietary', 'low-sodium', 'low-cholesterol', 'low-saturated-fat', 'low-calorie', 'healthy-2', 'low-in-something']","[243.9, 3.0, 9.0, 0.0, 31.0, 2.0, 13.0]",7,"['saute onion , jalepeno and garlic in oil till fragrant', 'add cumin and stir till fragrant', 'add tomato', 'add one can on black beans and 1 / 2 cup broth', 'bring to simmer and let simmer till tomato starts to break down', 'puree 1 / 2 of soup in blender and return to pan add other can of black beans and heat through', 'garnish with sour cream and avocado']",quick low fat bean soup,"['black beans', 'diced onion', 'jalapeno', 'garlic clove', 'cumin', 'vegetable oil', 'low sodium chicken broth', 'tomatoes']",8
hot mulled cider   german glhmost,347777,15,177443,2009-01-07,"['15-minutes-or-less', 'time-to-make', 'course', 'main-ingredient', 'cuisine', 'preparation', 'occasion', 'low-protein', 'healthy', 'very-low-carbs', 'beverages', 'fruit', 'german', 'easy', 'european', 'beginner-cook', 'heirloom-historical', 'holiday-event', 'low-fat', 'cocktails', 'punch', 'dietary', 'christmas', 'new-years', 'thanksgiving', 'low-sodium', 'low-cholesterol', 'low-saturated-fat', 'low-calorie', 'low-carb', 'healthy-2', 'low-in-something', 'apples', 'presentation', 'served-hot']","[98.0, 0.0, 4.0, 0.0, 0.0, 0.0, 1.0]",4,"['in a medium saucepan , combine wine , apple cider , cinnamon , cloves , and cardamom', 'bring to a simmer over medium-low heat', 'add honey , to taste , and garnish with a lemon slice', 'serve hot']","traditional hot mulled cider with white wine 'glühmost', and the more common red wine version 'glühwein' are served throughout the cold weather season, and are sold by-the-mug at outdoor christmas markets in germany. delicious!","['dry white wine', 'apple cider', 'cinnamon', 'ground cloves', 'cardamom', 'honey', 'lemon slice']",7
leah s easy food processor salsa,159906,30,79888,2006-03-14,"['30-minutes-or-less', 'time-to-make', 'course', 'main-ingredient', 'cuisine', 'preparation', 'occasion', 'north-american', 'sauces', 'appetizers', 'condiments-etc', 'vegetables', 'mexican', 'summer', 'vegetarian', 'dips', 'salsas', 'food-processor-blender', 'dietary', 'spicy', 'seasonal', 'inexpensive', 'tomatoes', 'taste-mood', 'equipment', 'small-appliance', 'presentation', 'served-cold']","[282.9, 3.0, 144.0, 14.0, 24.0, 2.0, 21.0]",7,"['put garlic cloves and jalapeo pieces in food processor , pulse a few time until coarsely chopped', 'place roma tomatoes in a microwaveable dish and microwave for 1 minute or so on high , then remove skins', 'add diced tomatoes , lime juice , pepper , salt , and red pepper flakes to food processor , pulse 3 or 4 times until everything looks well mixed', 'add onion , roma tomatoes , and cilantro , and pulse just a few times until onion is at desire consistency', 'adding onions at the end is very important , otherwise they will become pureed and make a gross texture for the salsa', 'if you want to remove the remaining metallic taste of the fresh tomato , cook over medium low heat in a non-reactive pot for about 15-20 minutes', 'for best flavor , refrigerate over night to let flavors mingle']","if you like salsa that doesn't have that thick texture like pace- that's more like restaurant salsa- this one is for you. the heat can easily be adjusted by changing the quantity/type of peppers. i would say that following the recipe would give you a ""medium"" heat salsa.","['roma tomatoes', 'diced tomatoes', 'garlic cloves', 'jalapeno peppers', 'onion', 'limes, juice of', 'fresh cilantro', 'fresh ground pepper', 'red pepper flakes', 'salt']",10
laugenbrotchen  pretzel rolls,175693,145,324136,2006-07-03,"['time-to-make', 'course', 'cuisine', 'preparation', 'for-large-groups', 'healthy', 'breads', 'breakfast', 'german', 'european', 'low-fat', 'vegetarian', 'swiss', 'dietary', 'low-cholesterol', 'low-saturated-fat', 'egg-free', 'yeast', 'free-of-something', 'low-in-something', 'number-of-servings', '4-hours-or-less']","[187.9, 3.0, 2.0, 98.0, 10.0, 6.0, 11.0]",9,"['mix the first 6 ingredients together and knead to a soft dough , about 10 minutes', 'then let it rest in an oiled bowl , covered , until the dough has doubled in size', 'form into 14 bread rolls / pretzels / croissants', 'place on baking paper well spaced , and allow to rise again', 'mix the water , salt and bicarb in a stainless steel pan and bring to the boil', 'take it off the heat', 'take the risen bread rolls , and using a slotted spoon , dip them one by one in the bicarb water , drain well and set back on the paper', 'cut slits in the bread rolls with a sharp knife and sprinkle with extra coarse salt', 'bake for 20-25 minutes in the middle of a preheated 200 degree celcius oven']",these are traditional german bread rolls made from pretzel dough- so the dough can also be used to make pretzels (brezen). a betty bossi recipe.  preparation time includes rising time.  dough could initially be done in the breadmaker.,"['plain flour', 'salt', 'yeast', 'malt extract', 'butter', 'milk', 'water', 'bicarbonate of soda', 'coarse salt']",9
twice baked ranch potatoes,24448,80,31232,2002-04-08,"['weeknight', 'time-to-make', 'course', 'main-ingredient', 'cuisine', 'preparation', 'occasion', 'north-american', '5-ingredients-or-less', 'side-dishes', 'potatoes', 'vegetables', 'canadian', 'easy', 'dietary', 'comfort-food', 'taste-mood', '4-hours-or-less']","[199.0, 15.0, 9.0, 13.0, 12.0, 22.0, 7.0]",10,"['bake potatoes in 400f oven until tender', 'cook bacon until crisp', 'pat dry and crumble', 'drain almost all fat from bacon pan and cook onion until soft', 'cut baked potatoes in half', 'scoop out potatoes leaving 1 / 4"" shell', 'mash potatoes until smooth and mix in dressing , cheese , bacon and onion', 'spoon mixture back into skins', 'bake at 350f until heated through', 'broil for 2-3 minutes to brown lightly']",if you love ranch dressing you will enjoy these.,"['baking potatoes', 'onion', 'bacon', 'low-fat ranch dressing', 'cheddar cheese']",5
mini chicken caesar salad cups,283118,16,251917,2008-01-31,"['30-minutes-or-less', 'time-to-make', 'course', 'main-ingredient', 'preparation', 'occasion', 'for-large-groups', '5-ingredients-or-less', 'appetizers', 'salads', 'poultry', 'easy', 'dinner-party', 'holiday-event', 'kid-friendly', 'dietary', 'meat', 'brunch', 'number-of-servings']","[75.0, 4.0, 0.0, 7.0, 6.0, 4.0, 2.0]",10,"['heat oven to 400f', 'in small bowl , mix chicken and dressing', 'separate dough into 10 biscuits', 'divide each into 2 rounds', 'press dough rounds in bottom and up sides of 20 ungreased mini muffin cups , extending dough 1 / 4 inch above edge of cups', 'fill each cup with about 2 teaspoons of the chicken mixture', 'bake 8-11 minutes or until crust is deep golden brown', 'remove from muffin pan', 'top each with lettuce and cheese', 'serve warm']",these mini-caesar cups would be perfect for a baby shower or appetizer party! they are easy to prepare and use refrigerated biscuits.,"['cooked chicken', 'caesar salad dressing', 'ready-to-bake refrigerated buttermilk flaky biscuits', 'romaine lettuce', 'parmesan cheese']",5
roasted green lentils with tomatoes,303716,130,282408,2008-05-15,"['time-to-make', 'course', 'main-ingredient', 'cuisine', 'preparation', 'occasion', 'side-dishes', 'beans', 'asian', 'indian', 'easy', 'dinner-party', 'heirloom-historical', 'holiday-event', 'vegetarian', 'dietary', 'lentils', '3-steps-or-less', '4-hours-or-less']","[238.6, 3.0, 11.0, 18.0, 32.0, 1.0, 13.0]",6,"['place the dal in a large saucepan and stir over medium heat until dry', 'add the oil , chiles de arbol , garam masala , feugreek & asafoetida and cook stirring until the dal is golden , about 3 minutes reduce heat if too much smoke arises', 'add ginger , garlic , serrano peppe , coriander & paprika and stir for another 5 minutes', 'add water and salt and bring to a boil over high heat', 'recuce heat to low , cover pan , and cook stirring occasionally , until the dal is soft & creamy , about 1 hr , adding more water if it dies too quickly', 'mix in the tomatoes and cook until they are quite soft , about 5 minutes transfer to a serving dish , mix in the cilantro and serve']","bhunni saabut masoor dal
from 1,000 indian recipes","['green lentils', 'mustard oil', 'arbol chiles', 'garam masala', 'fenugreek seeds', 'asafoetida powder', 'gingerroot', 'garlic', 'serrano pepper', 'coriander', 'paprika', 'water', 'salt', 'tomatoes', 'fresh cilantro']",15
turkish coffee mocha,508830,20,37449,2013-11-03,"['weeknight', '30-minutes-or-less', 'time-to-make', 'course', 'main-ingredient', 'cuisine', 'preparation', 'occasion', 'beverages', 'middle-eastern', 'easy', 'vegan', 'vegetarian', 'chocolate', 'turkish', 'dietary', 'inexpensive', 'brunch', '3-steps-or-less']","[202.1, 5.0, 119.0, 5.0, 3.0, 7.0, 13.0]",4,"['mix the coffee and cardamom in a coffee filter and brew the coffee in your coffeemaker with the water', 'heat the almond milk , sugar and chocolate syrup in a saucepan on medium heat', 'pour the brewed coffee into the pan , stir , and then pour into four cups', 'serve and enjoy !']","this is a super-special coffee that owes its lingering flavor to an unexpected source, says creator fred thompson. ""cardamom is a spice that creeps into taste memory without being immediately recognized,"" says thompson, author of  the cookbook, hot chocolate. i use almond milk for it's flavor and because i try not to use dairy.","['dark roast coffee', 'ground cardamom', 'water', 'almond milk', 'sugar', 'chocolate syrup']",6
updated waldorf classic,76045,60,102937,2003-11-10,"['60-minutes-or-less', 'time-to-make', 'course', 'main-ingredient', 'cuisine', 'preparation', 'occasion', 'north-american', 'low-protein', 'salads', 'fruit', 'american', 'no-cook', 'potluck', 'dinner-party', 'vegetarian', 'dietary', 'low-in-something', 'apples', 'brunch', 'to-go', 'presentation', 'served-cold', 'technique']","[303.5, 33.0, 40.0, 16.0, 9.0, 19.0, 8.0]",8,"['mix mayonnaise , lemon peel and fresh lemon juice in medium bowl to blend', 'season with salt and pepper to taste', 'refrigerate', 'toss apples , celery , radishes , cranberries and red onions in large bowl', 'add lemon mayonnaise and toss to coat', 'can be prepared 1 day in advance', 'cover and refrigerate', 'right before serving , fold in the cashews']",this is the best waldorf salad ever! it is so addictive. i've made it many times for parties and recipes are frequently requested. i can eat this stuff everyday!,"['mayonnaise', 'lemon, rind of', 'fresh lemon juice', 'fuji apples', 'celery', 'radishes', 'red onion', 'dried cranberries', 'roasted cashews']",9
coconut chicken and pineapple skewers,300807,30,143318,2008-04-26,"['30-minutes-or-less', 'time-to-make', 'course', 'main-ingredient', 'cuisine', 'preparation', 'occasion', 'main-dish', 'poultry', 'asian', 'barbecue', 'easy', 'summer', 'chicken', 'dietary', 'seasonal', 'low-calorie', 'low-carb', 'low-in-something', 'meat', 'chicken-breasts', 'equipment', 'grilling', 'presentation', 'served-hot']","[132.3, 10.0, 18.0, 12.0, 20.0, 17.0, 2.0]",8,"['soak bamboo skewers in water for at least 30 minutes', 'cut chicken into 3 / 4-inch cubes and place in a bowl', 'place garlic , shallot , ginger , cilantro , salt , cumin , peanut oil , lime juice and coconut milk in processor or blender', 'puree until smooth liquid forms', 'pour marinade over chicken and refrigerate for at least 30 minutes or up to 3 hours , turning occasionally', 'preheat grill to medium', 'add marinated chicken cube then pineapple cube then another marinated chicken cube to each bamboo skewer', 'grill until chicken is slightly golden all over , turning as needed']","from epicurious. this can be made with shrimp instead of chicken, and mango may be substituted for the pineapple. time does not include soaking skewers or marinating.","['boneless skinless chicken breast', 'garlic cloves', 'shallot', 'fresh ginger', 'fresh cilantro', 'salt', 'cumin', 'peanut oil', 'lime, juice of', 'unsweetened coconut milk', 'fresh pineapple']",11
banana rice pudding   nuwave flavorwave ovens,342304,50,531768,2008-12-08,"['60-minutes-or-less', 'time-to-make', 'course', 'main-ingredient', 'preparation', 'low-protein', 'healthy', 'desserts', 'fruit', 'rice', 'easy', 'low-fat', 'dietary', 'low-sodium', 'low-cholesterol', 'inexpensive', 'low-in-something', 'tropical-fruit', 'bananas', 'pasta-rice-and-grains', 'white-rice', '3-steps-or-less']","[268.9, 4.0, 126.0, 1.0, 8.0, 9.0, 18.0]",6,"['cook up rice using regular directions and then set aside', 'mix rice , sweetened condensed milk , vanilla , cinnamon , brown sugar , nutmeg and banana', 'mix well', 'check to see if this is to your liking , add more vanilla or cinnamon depending on what you like', 'in large flan pan or two square pans', 'cook 30 minutes on hi or until set']","childhood memories of my mom in the kitchen come to mind with this recipe. this is a creamy comfort food  it makes me feel like a little girl again. this works great in your nuwave/flavorwave oven. i looked at my mom's rice pudding recipes and i made a twist on it. your house will spell wonderful and everyone will come running wondering what you are making! my roommate begs me to make this for her and her kids. i have been asked to make this dessert for christmas. my roommate thought this would go over well with her family. so, if you keep sweetened condensed milk on hand and rice you are already there! note, i like using jasmine rice, it seems to be more creamy.","['white rice', 'water', 'sweetened condensed milk', 'pure vanilla extract', 'cinnamon', 'nutmeg', 'banana', 'brown sugar']",8
sea scallops with spinach and oranges,115580,35,49304,2005-04-06,"['60-minutes-or-less', 'time-to-make', 'course', 'main-ingredient', 'preparation', 'occasion', 'for-1-or-2', 'main-dish', 'fruit', 'seafood', 'vegetables', 'diabetic', 'dinner-party', 'stove-top', 'dietary', 'one-dish-meal', 'low-sodium', 'low-carb', 'scallops', 'low-in-something', 'citrus', 'oranges', 'shellfish', 'greens', 'spinach', 'taste-mood', 'savory', 'equipment', 'number-of-servings', 'presentation', 'served-hot']","[565.8, 75.0, 49.0, 7.0, 23.0, 48.0, 8.0]",14,"['mix finely chopped shallots and garlic set aside', 'segment oranges and place segments in a small mixing bowl', 'add the thin strips of basil to the orange segments , add 1 / 2 of the finely chopped shallots & garlic to the orange segments', 'add 1-ounce of olive oil & cracked pepper , gently mix', 'set aside', 'place two saute pans on medium-high heat', 'season scallops with salt and pepper', 'divide the remaining olive oil into the two preheated pans: in one pan , add butter , add reserved garlic and shallots , quickly stir for 10 to 15 seconds and add spinach', 'saute 20 to 30 seconds', 'remove from heat and season', 'in the other pan , add the seasoned scallops , sear for about 1 to 2 minutes , flip over scallops and sear other side for about 1 to 2 minutes', 'remove from heat', 'the center will look slightly translucent when cooked properly', 'place sauteed spinach in center of plate , arrange scallops and oranges around the spinach , serve']",these scallops are so tasty served with spinach and oranges. the recipe is courtesy of the harvard street grill.,"['scallops', 'baby spinach', 'navel oranges', 'basil leaves', 'shallot', 'garlic clove', 'olive oil', 'butter', 'cracked black pepper', 'kosher salt']",10
easy chicken pizza casserole,125228,55,115658,2005-06-09,"['60-minutes-or-less', 'time-to-make', 'course', 'main-ingredient', 'preparation', 'for-1-or-2', 'casseroles', 'main-dish', 'poultry', 'oven', 'pizza', 'chicken', 'dietary', 'one-dish-meal', 'meat', 'equipment', 'number-of-servings']","[449.0, 40.0, 12.0, 18.0, 89.0, 56.0, 2.0]",8,"['place whole chicken breasts into a casserole dish', 'sprinkle on the onion salt and the oregano', 'add onions , mushrooms , green pepper , olives', 'pour pizza sauce over chicken and veggies', 'bake uncovered at 350 degrees for 40-45 minutes , remove from oven and top with cheese', 'bake another 5 to 10 minutes or till the cheese is bubbly', 'serve with a green salad !', 'i hope you enjoy it !']","oh here is a great low carb recipe for pizza lovers. you can add more of what you love on your pizza. if you like more mushrooms add more, or green pepper, you get the picture.","['chicken breasts', 'onion salt', 'onion', 'oregano', 'mushrooms', 'low-fat pizza sauce', 'green pepper', 'green olives', 'mozzarella cheese']",9
sunshine rice,112164,45,49304,2005-02-26,"['60-minutes-or-less', 'time-to-make', 'course', 'main-ingredient', 'preparation', 'occasion', 'low-protein', 'healthy', 'side-dishes', 'fruit', 'rice', 'vegetables', 'easy', 'potluck', 'diabetic', 'vegetarian', 'nuts', 'stove-top', 'dietary', 'low-sodium', 'low-cholesterol', 'low-saturated-fat', 'comfort-food', 'healthy-2', 'low-in-something', 'pasta-rice-and-grains', 'long-grain-rice', 'taste-mood', 'to-go', 'equipment', 'presentation', 'served-hot', '3-steps-or-less']","[397.4, 18.0, 33.0, 1.0, 15.0, 7.0, 21.0]",6,"['heat oil in medium saucepan', 'add celery and onions and saute until tender', 'add water , juices , and hot sauce', 'bring to a boil', 'stir in rice and bring back to boil , let stand covered until rice is tender and liquid is absorbed', 'stir in almonds , serve immediately']","a citrus taste, combined with almonds, celery, and onions- but no added salt- make this side dish a new classic. try this heart healthy recipe with fish. the recipe comes from hearthealth.com.","['olive oil', 'celery', 'onions', 'water', 'orange juice', 'lemon juice', 'hot sauce', 'long-grain white rice', 'slivered almonds']",9
barefoot contessa s caramelized onions,144934,40,67103,2005-11-13,"['60-minutes-or-less', 'time-to-make', 'course', 'preparation', 'low-protein', 'condiments-etc', 'easy', 'dietary', 'low-carb', 'garnishes', 'low-in-something']","[679.4, 103.0, 34.0, 48.0, 4.0, 121.0, 6.0]",4,"['cut the onions in half and then slice them into 1 / 8-inch thick half-rounds', 'heat the butter and oil in a large saute pan over medium heat', 'add the onions , cayenne , salt , and pepper and saute for 10 minutes', 'reduce the heat to medium-low and cook , stirring occasionally , for 20 more minutes until the onions are browned and caramelized']",these are wonderful on top of a hamburger.,"['yellow onions', 'unsalted butter', 'vegetable oil', 'ground cayenne pepper', 'kosher salt', 'fresh ground black pepper']",6
garden vegetable salad stacker,250876,10,398160,2007-09-04,"['15-minutes-or-less', 'time-to-make', 'course', 'main-ingredient', 'preparation', 'low-protein', 'salads', 'eggs-dairy', 'vegetables', 'easy', 'beginner-cook', 'cheese', 'dietary', 'low-sodium', 'low-cholesterol', 'low-saturated-fat', 'low-calorie', 'low-carb', 'low-in-something', 'onions', 'tomatoes', 'presentation', 'served-cold']","[230.2, 16.0, 54.0, 17.0, 21.0, 22.0, 9.0]",8,"['place 6 of the tomato slices on a chilled serving platter , or on 6 individual chilled salad plates', 'top each with 1 cheese slice', 'drizzle with 1 / 2 of the dressing', 'top each salad with one onion slice , 2 cucumber slices and second tomato slice', 'drizzle with remaining dressing', 'add a little freshly ground or cracked black pepper', 'top each salad with a basil leaf', 'serve with chilled salad forks']","for a special but effortless presentation, simply slice and stack these seasonal ingredients to create beautiful, individual salad servings.","['tomatoes', 'mozzarella cheese', 'italian dressing', 'red onions', 'seedless cucumber', 'fresh basil leaves', 'fresh ground black pepper']",7
chicken enchiladas made healthier,292221,45,199953,2008-03-17,"['60-minutes-or-less', 'time-to-make', 'course', 'main-ingredient', 'preparation', 'main-dish', 'poultry', 'easy', 'kid-friendly', 'chicken', 'dietary', 'meat', 'chicken-breasts']","[232.9, 12.0, 8.0, 51.0, 23.0, 12.0, 9.0]",11,"['in a large bowl , combine chicken , 3 / 4 cup monterey jack cheese , 1 / 2 chives , garlic , cumin , and pepper', 'set aside', 'spread 1 / 2 cup of the enchilada sauce in a 13""x9""x2"" baking pan', 'transfer the remaining sauce to a large skillet and heat until warm', 'to soften each tortilla , completely submerge it in the sauce', 'shake off the excess sauce and transfer tortilla to a plate', 'spoon about 1 / 4 cup filling down the center and roll up to enclose', 'place , seam down , in the prepared baking pan', 'repeat until all are filled', 'pour the remaining sauce over the filled tortillas and top with remaining monterey jack cheese , chedder cheese , remaining 1 / 2 cup of chives , and the olives', 'cover with foil and bake at 350 degrees for 30 minutes or until bubbly']","from evelyn tribole's healthy homestyle cooking. i usually layer the tortillas with the filling ingredients to make a casserole rather than fiddle with filling them. we eat them with chopped onions, shredded lettuce, and salsa over the top.","['chicken breasts', 'reduced-fat monterey jack cheese', 'fresh chives', 'garlic', 'ground cumin', 'black pepper', 'enchilada sauce', 'corn tortillas', 'reduced-fat cheddar cheese', 'ripe olives']",10
tuscan style peppered chicken,220979,40,67103,2007-04-05,"['60-minutes-or-less', 'time-to-make', 'main-ingredient', 'preparation', '5-ingredients-or-less', 'very-low-carbs', 'poultry', 'easy', 'chicken', 'dietary', 'low-sodium', 'high-protein', 'low-carb', 'high-in-something', 'low-in-something', 'meat']","[1354.2, 166.0, 0.0, 14.0, 176.0, 134.0, 0.0]",15,"['rub each chicken half all over with 2 tablespoons oil , then 1 1 / 2 teaspoons pepper', 'sprinkle generously with salt', 'let stand at room temperature 1 hour', 'preheat broiler', 'arrange chicken , skin side down , on broiler pan', 'watching closely to avoid burning , broil chicken 5 to 6 inches from heat source until golden brown , about 12 minutes', 'remove broiler pan from oven', 'using tongs , transfer chicken to plate', 'pour off any pan drippings', 'return chicken , skin side up , to broiler pan', 'broil until skin is crisp and golden brown , about 5 minutes', 'turn chicken over , skin side down again , and broil until cooked through , about 8 minutes longer', 'transfer chicken to platter', 'let stand 5 minutes', 'serve with lemon wedges to squeeze over chicken']",plenty of black pepper is what makes this simple chicken dish so good.,"['whole chickens', 'olive oil', 'fresh coarse ground black pepper', 'salt', 'lemon wedge']",5
chicken provencal stew in the crock pot,138917,615,60919,2005-09-27,"['time-to-make', 'course', 'main-ingredient', 'cuisine', 'preparation', 'occasion', 'main-dish', 'potatoes', 'poultry', 'vegetables', 'european', 'diabetic', 'dinner-party', 'kosher', 'stews', 'chicken', 'crock-pot-slow-cooker', 'dietary', 'meat', 'chicken-breasts', 'chicken-thighs-legs', 'whole-chicken', 'brunch', 'equipment', 'presentation', 'served-hot']","[488.2, 36.0, 20.0, 5.0, 65.0, 33.0, 10.0]",7,"['cut up the chicken into portions', 'cut the potatoes into cubes , slice the onions , garlic and peppers', 'place chicken and potatoes into the crock pot dish', 'in a bowl , combine the onion , garlic , green pepper , tomatoes , wine and italian seasoning', 'pour the mixture into the crock pot and mix with chicken portions and potatoes', 'cook on low for 8 to 10 hours', 'enjoy !']","an easy and tasty supper dish that i found on www.crock-pot.com.  my guests loved it and there were no leftovers!  you can eat it with some crusty french bread or if you are feeling piggish serve with rice and extra vegetables.

instead of using a whole chicken cut up, you could use breasts or thighs, the choice is yours!","['chicken', 'potatoes', 'onions', 'garlic cloves', 'green pepper', 'plum tomatoes', 'red wine', 'italian seasoning']",8
holiday mushrooms,32661,55,40493,2002-06-30,"['60-minutes-or-less', 'time-to-make', 'course', 'main-ingredient', 'preparation', 'occasion', '5-ingredients-or-less', 'side-dishes', 'vegetables', 'easy', 'holiday-event', 'dietary', 'christmas', 'mushrooms']","[390.2, 28.0, 21.0, 21.0, 21.0, 52.0, 14.0]",10,"['clean and slice mushrooms', 'layer about a third of mushrooms in a 2-quart baking dish', 'layer with a third of bread crumbs and drizzle with a third of melted butter', 'sprinkle with salt and pepper to taste', 'repeat for second layer', 'cover with remaining mushrooms', 'sprinkle with salt and pepper and wine', 'cover and bake in 325 degree oven for about 35 minutes', 'mix remaining crumbs and butter and spoon over mushrooms', 'bake , uncovered 10 minutes or until crumbs are toasted']",this dish is always requested at christmas and easter.i always make two because one is never enough!,"['fresh mushrooms', 'breadcrumbs', 'butter', 'salt and pepper', 'dry white wine']",5
upside down popover pizza,374447,25,1020526,2009-05-26,"['30-minutes-or-less', 'time-to-make', 'course', 'main-ingredient', 'cuisine', 'preparation', 'occasion', 'north-american', 'breakfast', 'pork', 'easy', 'potluck', 'dietary', 'low-carb', 'low-in-something', 'meat', 'pork-sausage', 'brunch', 'to-go']","[824.6, 82.0, 28.0, 81.0, 85.0, 106.0, 14.0]",11,"['in a large skillet , cook sausage until browned and pour off any excess fat', 'add onion and green pepper', 'cook for a few minutes', 'stir in flour , basil , marjoram , and tomato sauce', 'heat well , then pour into 9x13"" baking pan', 'arrange mozzarella slices on top', 'popover batter:', 'beat together the eggs and add flour , milk , oil , and salt', 'whisk together until combined', 'pour popover batter over all and sprinkle with parmesan cheese', 'bake at 425 for 25 to 30 minutes or until well browned and serve at once']","this is a great brunch alternative.  the popover batter replaces the pizza crust.  if you're craving pizza this is a simpler alternative and the upside-down puffy crust is a nice change of pace.  recipe from my great recipes (1988 or 1989).  feel free to substitute ground beef or turkey for sausage and add salt, pepper, or any other seasonings you prefer.","['pork sausage', 'onion', 'green pepper', 'all-purpose flour', 'dried basil', 'marjoram leaves', 'tomato sauce', 'mozzarella cheese', 'parmesan cheese', 'eggs', 'milk', 'oil', 'salt']",13
lights of havana,93339,5,37636,2004-06-14,"['15-minutes-or-less', 'time-to-make', 'course', 'main-ingredient', 'cuisine', 'preparation', 'occasion', 'north-american', 'for-1-or-2', 'beverages', 'fruit', 'caribbean', 'easy', 'central-american', 'dinner-party', 'summer', 'cocktails', 'dietary', 'seasonal', 'taste-mood', 'sweet', 'number-of-servings', 'presentation', 'served-cold', '3-steps-or-less']","[149.2, 0.0, 67.0, 0.0, 1.0, 0.0, 6.0]",3,"['stir together rum , midori , orange juice , and pineapple juice in a tall glass with ice', 'slowly add sprite soda and stir gently', 'serve garnished with fresh fruit , if desired']",a lightly sweet fruity drink that is great for summer nights and entertaining on the patio or deck. the light rum is optional- add it only if you like your drink with a little kick.,"['malibu rum', 'melon liqueur', 'light rum', 'orange juice', 'pineapple juice', 'carbonated lemon-lime beverage']",6
chocolate snow balls,96430,38,152021,2004-07-25,"['60-minutes-or-less', 'time-to-make', 'course', 'preparation', 'occasion', 'desserts', 'dinner-party', 'holiday-event', 'kid-friendly', 'winter', 'dietary', 'low-sodium', 'seasonal', 'low-in-something']","[111.4, 6.0, 57.0, 1.0, 2.0, 15.0, 6.0]",6,"['bring butter , milk , sugar& water to a boil in saucepan , stirring occasionally', 'boil& stir for 3 to 4 minutes or until sugar dissolves', 'stir in cocoa', 'cool slightly', 'stir in 2 cups of coconut , then oats and vanilla', 'shape into 1 inch balls , roll in 1 1 / 2 cups coconut then place on waxed paper']","just another version ... this recipe includes chocolate, coconut & oats. makes enough to serve a crowd!","['butter', 'evaporated milk', 'sugar', 'water', 'baking cocoa', 'flaked coconut', 'rolled oats', 'vanilla extract']",8
fruit vodka slush,341979,5,917193,2008-12-07,"['15-minutes-or-less', 'time-to-make', 'course', 'preparation', 'occasion', 'low-protein', 'healthy', 'beverages', 'holiday-event', 'low-fat', 'cocktails', 'punch', 'dietary', 'low-sodium', 'low-cholesterol', 'seasonal', 'low-saturated-fat', 'low-calorie', 'healthy-2', 'low-in-something', 'novelty']","[230.4, 0.0, 150.0, 0.0, 1.0, 0.0, 14.0]",6,"['simmer sugar and water for 3 minutes', 'cool', 'blend 1-1 / 2 c of the pineapple juice , lemonade , orange juice & mashed bananas', 'add the sugar mixture , then the remaining 1-1 / 2 c pineapple juice & 1-1 / 2 c vodka', 'freeze in 9x13 covered pan', 'scoop into glasses & pour 7-up or ginger ale over to serve']","a holiday favorite in my family!  make several weeks ahead; it keeps well in the freezer, up to two months.","['sugar', 'water', 'pineapple juice', 'frozen lemonade', 'bananas', 'frozen orange juice', 'vodka']",7
baked ham with a brown sugar  rum and cayenne glaze,150627,210,21399,2006-01-06,"['ham', 'time-to-make', 'course', 'main-ingredient', 'cuisine', 'preparation', 'occasion', 'north-american', 'main-dish', 'pork', 'oven', 'dinner-party', 'holiday-event', 'easter', 'dietary', 'christmas', 'thanksgiving', 'meat', 'equipment', 'presentation', 'served-hot', '4-hours-or-less']","[1987.8, 217.0, 159.0, 355.0, 221.0, 245.0, 18.0]",21,"['preheat oven to 350f', 'using a large knife , cut off the skin and all but 1 / 4 inch of the fat from the ham , leaving the surface as smooth as possible', 'score the top and sides of the ham diagonally in two opposite directions about 1 1 / 2 inches apart , creating a diamond pattern', 'stick a clove into the corners of each diamond', 'place the ham on a rack in a roasting pan', 'add the apple cider and 2 cups water to the pan', 'bake for 2 hours , adding more water after an hour if needed', 'while ham bakes , combine the brown sugar , rum , salt and cayenne pepper to taste in a bowl', 'stir until smooth', 'let stand for 10 minutes to allow sugar to dissolve partially', 'remove ham from the oven and brush the glaze evenly over the ham', 'reserve the leftover glaze', 'return the ham to the oven and bake for 1 hour longer , brushing with the glaze every 15 minutes', 'transfer ham to a large platter and cover loosely with foil', 'allow to rest for 15 to 30 minutes', 'while ham rests , pour the liquid from the roasting pan into a fat separator or a large glass measuring pitcher', 'let the fat rise to the surface , then pour or spoon off as much fat as possible', 'float a piece of paper towel on the surface to absorb the remaining fat', 'pour the degreased liquid into a small saucepan and add the remaining glaze to make a sauce', 'rewarm and pour in a sauceboat', 'serve ham warm with the sauce']",this spicy-sweet glaze is brushed on during baking to give the ham a golden brown appearance and to compliment the meat.  the drippings are used to make a sauce to serve along side the ham slices.  use the glaze partway through cooking to prevent the sugars in the glaze from scorching.,"['ham', 'whole cloves', 'apple cider', 'water', 'light brown sugar', 'dark rum', 'kosher salt', 'cayenne pepper']",8
viva madrid red wine pear and blue cheese toasts,464443,40,318262,2011-09-19,"['weeknight', '60-minutes-or-less', 'time-to-make', 'course', 'main-ingredient', 'cuisine', 'preparation', 'occasion', 'healthy', 'appetizers', 'side-dishes', 'eggs-dairy', 'fruit', 'spanish', 'easy', 'european', 'beginner-cook', 'dinner-party', 'vegetarian', 'spreads', 'cheese', 'dietary', 'low-cholesterol', 'inexpensive', 'healthy-2', 'low-in-something', 'pears', 'brunch']","[1133.4, 26.0, 204.0, 79.0, 79.0, 46.0, 65.0]",10,"['preheat over to 350 degrees', 'simmer wine , sugar and lemon juice and mix for about 10 minutes', 'cut up pears into thin half moon slices', 'simmer pears in wine until liquid begins to thicken slightly', 'you want a syrupy consistency , not molasses', 'cut half of the baguette into slices', 'grease a baking pan to fit the slices', 'smear a layer of blue cheese on top of each piece of bread', 'using tongs , gently place 2 poached pear slices on each piece of bread', 'bake for 15 minutes , or until bread looks lightly toasted']",an out of this world appetizer. the flavors together are fantastic. a sure fire way to impress!,"['pears', 'dry red wine', 'sugar', 'lemon juice', 'blue cheese', 'baguette']",6
applebee s maple butter sauce,90429,15,64642,2004-05-02,"['15-minutes-or-less', 'time-to-make', 'course', 'main-ingredient', 'cuisine', 'preparation', 'occasion', 'north-american', 'low-protein', '5-ingredients-or-less', 'sauces', 'desserts', 'condiments-etc', 'eggs-dairy', 'easy', 'dinner-party', 'kid-friendly', 'stove-top', 'dietary', 'copycat', 'low-sodium', 'inexpensive', 'sweet-sauces', 'low-in-something', 'novelty', 'taste-mood', 'sweet', 'equipment', '3-steps-or-less']","[516.5, 35.0, 302.0, 7.0, 0.0, 73.0, 26.0]",3,"['combine syrup and butter , cook over low heat until butter is melted', 'stir in brown sugar until dissolved', 'add walnuts , if desired']",the perfect accompaniment to applebee's walnut blondies. it would also be fabulous over vanilla ice cream. posted from an online copycat source in response to a recipe request.,"['real maple syrup', 'real butter', 'brown sugar', 'walnuts']",4
hockey sticks and pucks cookies,221625,25,59780,2007-04-09,"['30-minutes-or-less', 'time-to-make', 'course', 'main-ingredient', 'preparation', 'occasion', '5-ingredients-or-less', 'rolled-cookies', 'desserts', 'lunch', 'easy', 'kid-friendly', 'winter', 'cookies-and-brownies', 'chocolate', 'dietary', 'seasonal', 'novelty']","[102.2, 6.0, 18.0, 3.0, 2.0, 5.0, 4.0]",13,"['lightly grease cookie sheets', 'let dough stand at room temperature about 15 minutes', 'combine dough and flour in large bowl', 'knead until well blended', 'divide dough into 24 pieces', 'shape each piece into 6-inch-long rope', 'place ropes on prepared cookie sheets', 'bend ropes about 1-3 / 4 inches from ends to form hockey stick shapes', 'freeze about 10 minutes', 'preheat oven to 350f bake 8 to 10 minutes or until lightly browned', 'while cookies are still hot , place one mint on bottom part of each cookie for puck', 'cool completely on cookie sheets', 'decorate with icings as desired']",i made these for my son's hockey birthday party treat bags.,"['refrigerated sugar cookie dough', 'all-purpose flour', 'junior mints', 'icing']",4
baby green salad,408562,5,883095,2010-01-15,"['15-minutes-or-less', 'time-to-make', 'preparation', 'for-1-or-2', 'easy', 'number-of-servings', '3-steps-or-less']","[1273.2, 107.0, 476.0, 27.0, 13.0, 57.0, 55.0]",7,"['combine salad greens , onions and desired amount of vinaigrette in a medium sized bowl', 'arrange on serving platter and garnish with blue cheese and pecans', 'serve immediately', 'orange vinaigrette: combine first 4 ingredients in medium-sized bowl', 'gradually whisk in olive oil , then 1 / 2 cup water', 'continue whisking until smoothly blended', 'add additional 1 / 4 cup water if a thinner consistency is desired']",enjoy this verstaile side salad -,"['baby greens', 'red onion', 'blue cheese', 'pecans', 'jelly', 'balsamic vinegar', 'dijon mustard', 'fresh ground pepper', 'olive oil', 'water']",10
nona s italian pasta casserole,125551,90,207907,2005-06-11,"['time-to-make', 'course', 'main-ingredient', 'cuisine', 'preparation', 'occasion', 'stuffings-dressings', 'casseroles', 'side-dishes', 'beef', 'eggs-dairy', 'pasta', 'oven', 'european', 'dinner-party', 'holiday-event', 'italian', 'cheese', 'stove-top', 'dietary', 'thanksgiving', 'meat', 'pasta-rice-and-grains', 'brunch', 'taste-mood', 'savory', 'equipment', '4-hours-or-less']","[350.6, 35.0, 5.0, 15.0, 47.0, 64.0, 3.0]",14,"['preheat oven to 350 degrees', 'cut pacetta or canadian bacon into pieces', ""break pasta in half and boil it until it's still a little hard"", 'drain pasta and set aside', 'in a skillet heat the olive oil', 'saut celery , mushrooms , and onion until tender', 'add meat and spices and cook until meat is brown', 'set aside', 'mix all other ingredients in a large bowl', 'add to meat mixture and blend well', 'pour into a baking dish and cook until cheese is melted and pasta is thoroughly cooked', 'the mushroom pieces should be sized to the cooks personal taste', 'i prefer bigger pieces while my mother likes smaller', 'canadian bacon works just great']","this is a recipe that my grandmother used to make every thanksgiving. she used to stuff her turkey with it, but i've decided that i like it better just as a casserole. it's a family favorite.","['ricotta cheese', 'mozzarella cheese', 'egg', 'parsley', 'onion', 'celery', 'vermicelli', 'provolone cheese', 'romano cheese', 'mushroom', 'garlic cloves', 'pancetta', 'ground sirloin', 'olive oil', 'salt']",15
curry dip ii,7542,60,58104,2000-03-13,"['60-minutes-or-less', 'time-to-make', 'course', 'preparation', 'occasion', 'appetizers', 'easy', 'refrigerator', 'dips', 'dietary', 'equipment', '3-steps-or-less']","[8.8, 0.0, 1.0, 0.0, 0.0, 0.0, 0.0]",3,"['mix all ingredients together and serve with fresh vegetables', 'let stand in refrigerator for 1 hour before serving', 'tastes better chilled']",,"['mayonnaise', 'black pepper', 'worcestershire sauce', 'curry powder', 'green onions', 'seasoning', 'crazy salt']",7
baked beef brisket recipe from the 1970s,238338,270,237783,2007-07-02,"['course', 'main-ingredient', 'preparation', 'lunch', 'main-dish', 'beef', 'oven', 'easy', 'beginner-cook', 'dietary', 'sandwiches', 'low-carb', 'low-in-something', 'meat', 'equipment', 'technique']","[382.9, 46.0, 22.0, 23.0, 39.0, 60.0, 2.0]",12,"['preheat oven to 350 dg', 'and place brisket fat side up in baking pan', 'bake uncovered for 2 hours', 'mix sauce ingredients and simmer a few minutes in saucepan , stirring until well-blended', 'pour sauce over brisket , cover and cook 2 more hours', 'remove from oven and remove meat from sauce', 'reserve sauce and refrigerate both overnight', 'the next day , slice brisket thinly , place in a flat baking pan and cover with sauce', 'place in 350 dg', 'oven and bake covered until heated thoroughly and tender , which usually takes about 30-45 minutes', 'serve warm on round sandwich buns with pickles , cole slaw , a fruit salad and dessert of choice', 'enjoy !']","my aunt bernice, an excellent cook, made this brisket long before outdoor grilling and smoking became the common thing to do with briskets.  it always was a must for her to bring this to family parties, and the tradition is now carried on by her children, grandchildren, and the neice who loved her so much.  cooking time does not include chilling overnight in refrigerator.","['beef brisket', 'catsup', 'salt', 'water', 'tabasco sauce', 'worcestershire sauce', 'chili powder', 'liquid smoke', 'onions']",9
sweet  n  sour salad dressing,122024,5,153188,2005-05-13,"['15-minutes-or-less', 'time-to-make', 'course', 'preparation', 'for-1-or-2', 'low-protein', 'salads', 'easy', 'salad-dressings', 'dietary', 'low-in-something', 'number-of-servings', '3-steps-or-less']","[227.4, 32.0, 38.0, 12.0, 0.0, 7.0, 3.0]",3,"['in a jar with a tight-fitting lid , combine the first seven ingredients', 'shake well', 'serve over salad greens']","this is super quick, super easy, and super tasty.  i got this from the new cooking for 2 magazine.  try it you'll love it!","['canola oil', 'sugar', 'cider vinegar', 'lemon juice', 'salt', 'ground mustard', 'paprika']",7
escalloped eggplant,295675,40,386585,2008-03-31,"['60-minutes-or-less', 'time-to-make', 'course', 'main-ingredient', 'preparation', 'side-dishes', 'vegetables', 'dietary', 'low-carb', 'low-in-something']","[524.8, 65.0, 36.0, 35.0, 24.0, 131.0, 8.0]",11,"['preheat oven to 450 degrees', 'on medium-size ovenproof platter , arrange eggplant slices , then tomato and onion slices', 'drizzle with 1 / 4 cup melted butter', 'sprinkle with salt and basil', 'bake , covered , 20 minutes', 'cut mozzarella slices in thirds', 'arrange over top', 'stir crumbs into rest of melted butter', 'sprinkle over top', 'then sprinkle with parmesan cheese', 'bake , uncovered , 10 minutes , or until cheese is bubbly']","similar to eggplant parmigiana, but a little lighter and less saucier, and is more suitable as a side dish.","['eggplants', 'tomatoes', 'onion', 'butter', 'salt', 'dried basil leaves', 'mozzarella cheese', 'dried breadcrumbs', 'parmesan cheese']",9
caramelized onion toasts,228771,50,232669,2007-05-18,"['60-minutes-or-less', 'time-to-make', 'course', 'main-ingredient', 'preparation', 'occasion', 'appetizers', 'vegetables', 'easy', 'dinner-party', 'spreads', 'dietary', 'onions', 'presentation', 'served-hot']","[379.0, 28.0, 10.0, 25.0, 15.0, 51.0, 15.0]",12,"['preheat the oven to 400f', 'heat 4 tablespoons butter in a large skillet over medium heat', 'add the onions , chopped anchovies , thyme , salt and pepper and cook until the onions are sweet and golden brown , about 20 minutes', 'meanwhile , holding the knife parallel to the cutting board , shave off the rounded top and bottom of the baguette with a serrated knife so that it lies flat', 'then cut the baguette in half lengthwise to make 2 long slices of bread', 'brush both sides of each with the remaining 4 tablespoons butter', 'when the onions are cooked , put the bread slices on a baking sheet and spread with the onions', 'garnish with olives , drizzle with olive oil and sprinkle with parsley', 'place in the oven and bake until the bread is crispy , about 15 minutes', 'shower with parmigiano', 'cut into pieces and serve hot', 'serving suggestions: store bought italian cured meats']",recipe courtesy of tyler florence. served these wonderful tidbits and they were gone in no time flat! anything with onions is a go for me!,"['unsalted butter', 'onions', 'anchovies', 'fresh thyme leaves', 'kosher salt & freshly ground black pepper', 'baguette', 'nicoise olive', 'extra virgin olive oil', 'parmigiano-reggiano cheese', 'flat leaf parsley']",10
black and white bean salad,41090,5,10033,2002-09-24,"['15-minutes-or-less', 'time-to-make', 'course', 'main-ingredient', 'cuisine', 'preparation', 'occasion', 'north-american', 'salads', 'side-dishes', 'beans', 'american', 'easy', 'no-cook', 'potluck', 'dinner-party', 'picnic', 'spring', 'summer', 'vegan', 'vegetarian', 'dietary', 'seasonal', 'inexpensive', 'black-beans', 'to-go', 'number-of-servings', '3-steps-or-less', 'technique']","[159.0, 2.0, 8.0, 13.0, 18.0, 1.0, 9.0]",3,"['in a large bowl , combine beans , tomato , onion and celery', 'gently stir in vinegar and sprinkle with parsley', 'season to taste and serve']",,"['white beans', 'canned black beans', 'tomatoes', 'onion', 'celery', 'white wine vinegar', 'italian parsley', 'table salt', 'black pepper', 'olive oil']",10
laurie s microwave peanut clusters,125848,15,218105,2005-06-13,"['15-minutes-or-less', 'time-to-make', 'course', 'preparation', '5-ingredients-or-less', 'desserts', 'easy', 'microwave', 'candy', 'equipment']","[133.7, 17.0, 3.0, 7.0, 10.0, 7.0, 1.0]",5,"['melt almond bark on high for 4 minutes in microwave', 'add peanuts to mixture', 'mix together well', 'drop by teaspoonful on waxed paper', 'let set']","a great tasting cluster, made quickly in microwave. a recipe that i make a lot of around the holidays, because it seems to vanish quickly!","['chocolate almond bark', 'salted peanuts']",2
easy peanut patties,46409,10,10113,2002-11-16,"['15-minutes-or-less', 'time-to-make', 'course', 'main-ingredient', 'preparation', 'occasion', '5-ingredients-or-less', 'desserts', 'fruit', 'easy', 'finger-food', 'holiday-event', 'kid-friendly', 'candy', 'nuts', 'stove-top', 'dietary', 'gifts', 'christmas', 'low-sodium', 'inexpensive', 'low-in-something', 'equipment', 'number-of-servings', 'presentation']","[1703.4, 121.0, 759.0, 18.0, 88.0, 71.0, 74.0]",8,"['combine the sugar , pudding mix , and milk in medium sauce pan over medium high heat stirring frequently', 'bring the mixture to a boil', 'reduce the heat to medium and boil for 5 minutes', 'remove from the heat and stir in the vanilla', 'beat for 3 minutes until thickens and stir in the peanuts', 'drop by tablespoon full onto wax paper and allow candy to harden', 'store in an airtight container', 'for gifts , give in tins']",easy and quick.  makes great christmas gifts.,"['sugar', 'vanilla pudding mix', 'evaporated milk', 'vanilla extract', 'spanish peanuts']",5
barefoot contessa thumbprint cookies,484810,50,2348309,2012-08-04,"['60-minutes-or-less', 'time-to-make', 'course', 'cuisine', 'preparation', 'occasion', 'north-american', 'hand-formed-cookies', 'desserts', 'american', 'easy', 'holiday-event', 'cookies-and-brownies', 'dietary', 'christmas', 'low-sodium', 'midwestern', 'northeastern-united-states', 'low-in-something', '3-steps-or-less']","[490.5, 45.0, 95.0, 3.0, 10.0, 99.0, 17.0]",13,"['preheat oven to 350 degrees f', 'in an electric mixer fitted with the paddle attachment , cream together the butter and sugar until just combined , and then add the vanilla', 'separately , sift together the flour and salt', 'with the mixer on low speed , add the flour mixture to the creamed butter and sugar', 'mix until the dough starts to come together', 'dump on a floured board and roll together into a flat disk', 'wrap in plastic wrap and chill for 30 minutes', 'roll the dough into 1 1 / 4-inch balls', 'dip each ball into the egg wash and then roll it in coconut', 'place the balls on an ungreased cookie sheet and press a light indentation into the top of each with your finger', 'drop 1 / 4 teaspoon of jam into each indentation', 'bake for 20 to 25 minutes , until the coconut is a golden brown', 'cool and serve']",this recipe is amazing!  it is from the ina garten's holiday special.,"['unsalted butter', 'sugar', 'pure vanilla extract', 'flour', 'kosher salt', 'egg', 'water', 'sweetened flaked coconut', 'raspberry jam']",9
rosemary beef and tomato over noodles,326102,620,145338,2008-09-19,"['course', 'main-ingredient', 'preparation', 'main-dish', 'beef', 'easy', 'crock-pot-slow-cooker', 'meat', 'equipment', '3-steps-or-less']","[880.9, 80.0, 15.0, 19.0, 108.0, 108.0, 15.0]",9,"['in a 4-6 quart slow cooker , combine butter , onion , beef base , salt , pepper and beef', 'mix well', 'cover', 'cook on low for 9-10 hours', 'about 15 minutes before serving , cook noodles as directed on package', 'add tomatoes and rosemary to beef and mix well', 'increase heat to high', 'cover and cook an additonal 10 minutes', 'serve beef over noodles']",can't remember where this came from but it sounds good to me. beef base is a thick concentrated paste used like instant beef bouillon.  bouillon can be used but it will be milder tasting.,"['butter', 'onion', 'beef base', 'salt', 'pepper', 'beef stew meat', 'wide egg noodles', 'plum tomatoes', 'fresh rosemary']",9
mustard relish,10832,25,10404,2001-08-10,"['30-minutes-or-less', 'time-to-make', 'course', 'main-ingredient', 'cuisine', 'preparation', 'north-american', 'canning', 'condiments-etc', 'vegetables', 'american', 'dietary', 'number-of-servings', 'technique']","[547.0, 8.0, 427.0, 84.0, 15.0, 2.0, 41.0]",9,"['peel and seed cukes and finely chop', 'finely chop onions and peppers', 'place in a colander and drain for 1 hour-squeeze and toss into a large pot', 'add vinegar , mustard , horseradish , salt , celery seed and ginger', 'add pectin and mix well', 'bring to a full rolling boil and all the sugar', 'bring to a hard boil again and boil for 1 minute-your doing a lot of stirring also', 'remove from heat , skim and ladle into hot sterilized jars leaving 1 / 8 inch head space', 'process for 10 minutes at altitudes up to 1000 feet']","great on brats, hot dogs and burgers. puts a zing in potato salad also.","['cucumbers', 'bell pepper', 'onions', 'white vinegar', 'horseradish', ""french's mustard"", 'salt', 'celery seed', 'ground ginger', 'white sugar', 'powdered fruit pectin']",11
frozen strawberries gelatin pie,175253,255,224566,2006-06-28,"['course', 'main-ingredient', 'cuisine', 'preparation', 'occasion', 'north-american', 'low-protein', 'healthy', '5-ingredients-or-less', 'pies-and-tarts', 'desserts', 'fruit', 'american', 'southern-united-states', 'easy', 'beginner-cook', 'dinner-party', 'pies', 'dietary', 'low-cholesterol', 'healthy-2', 'low-in-something', 'berries', 'strawberries', 'brunch', 'presentation', 'served-cold']","[207.9, 11.0, 92.0, 9.0, 4.0, 7.0, 11.0]",8,"['make gelatin according to instructions and cool until cool to touch , but not firm yet', 'slice strawberries , and fill bottom of pie crust with some them , setting the rest aside', 'pour liquid gelatin over strawberries , filling pie crust until 1 / 4 inch from the top', 'you most likely will not use all of the gelatin', 'place in fridge for 3 hours', 'spread cool whip across the top , and decorate with remaining strawberries', 'freeze for one hour for easier cutting', 'refreeze any uneaten portions']","i had a dream that a woman told me her recipe for making a pie using gelatin, frozen strawberries, a graham cracker pie crust, and cool whip.  i went out and bought the ingredients, and tried it out the next day, and here it is! note: cook time is gelatin setting time.","['frozen strawberries', 'strawberry gelatin', 'graham cracker pie crust', 'cool whip']",4
curried quinoa salad with cranberries,122057,30,160977,2005-05-15,"['30-minutes-or-less', 'time-to-make', 'course', 'main-ingredient', 'preparation', 'low-protein', 'healthy', 'lunch', 'salads', 'vegetables', 'kosher', 'low-fat', 'vegetarian', 'grains', 'dietary', 'low-cholesterol', 'low-saturated-fat', 'low-calorie', 'healthy-2', 'low-in-something', 'pasta-rice-and-grains']","[207.1, 4.0, 30.0, 21.0, 15.0, 1.0, 12.0]",8,"['rinse quinoa in plenty of water , drain', 'in medium saucepan , bring the two cups of water to a boil over high heat', 'stir in quinoa', 'reduce heat and simmer , uncovered , for 15 minutes or until water is absorbed', 'remove from heat and let cool', 'in small bowl , mix soy sauce , vinegar , honey , curry powder and red pepper flakes , stirring until completely blended', 'combine , in a serving bowl , remaining ingredients', 'gently stir in cooled quinoa , then soy sauce mixture']","you can only find quinoa in healthstores here. and not all quinoa products are (yet) available. but ok, when i found this recipe i was glad i could make it. be sure to rinse the quinoa before boiling it. if you can't find quinoa you can use either couscous or bulgur.","['water', 'quinoa', 'soy sauce', 'cider vinegar', 'honey', 'curry powder', 'crushed red pepper flakes', 'green bell pepper', 'red bell pepper', 'celery', 'dried cranberries']",11
kamuela tomato salad,213991,5,305531,2007-02-26,"['15-minutes-or-less', 'time-to-make', 'course', 'preparation', 'for-1-or-2', 'low-protein', 'healthy', '5-ingredients-or-less', 'salads', 'easy', 'low-fat', 'dietary', 'low-sodium', 'low-cholesterol', 'low-saturated-fat', 'low-calorie', 'low-carb', 'low-in-something', 'number-of-servings', '3-steps-or-less']","[68.3, 0.0, 31.0, 0.0, 4.0, 0.0, 5.0]",5,"['place lettuce on a plate', 'slice tomatoes in thick slices', 'place on lettuce bed', 'add onion slices and drizzle with vinaigrette', 'add blue cheese if using']","kamuela tomatoes are a really sweet, juicy tomato grown in hawaii. they are harder to find in grocery stores, so a nice ripe sweet tomato can be substititued. this is such a simple, but tasty salad, that goes with anything.","['tomatoes', 'red onion', 'lettuce', 'vinaigrette', 'blue cheese']",5
peaches and cream jelly roll,36732,65,157425,2002-08-09,"['weeknight', 'time-to-make', 'course', 'main-ingredient', 'cuisine', 'preparation', 'occasion', 'north-american', 'desserts', 'fruit', 'american', 'summer', 'cakes', 'seasonal', 'pitted-fruit', 'peaches', '4-hours-or-less']","[888.8, 67.0, 336.0, 8.0, 23.0, 125.0, 36.0]",45,"['for the cake:', 'preheat the oven to 350 degrees', 'with an electric mixer fitted with a wire whip , beat the eggs and 1 cup of the sugar on medium-high speed in a large mixing bowl until the mixture is pale yellow and thick and has tripled in volume , about 8 minutes', 'sift the flour , baking powder , and salt together in a medium-size mixing bowl', 'fold into the egg mixture and blend thoroughly until smooth', 'add the vanilla and 2 tablespoons of the butter', 'mix gently', 'grease a 17 by 12 inch baking pan with the remaining 2 teaspoons of the butter', 'sprinkle with the remaining 2 tablespoons sugar', 'pour the cake batter into the prepared pan , spreading it evenly', 'bake until the cake springs back when touched , about 15 minutes', 'cool for about 2 minutes , then gently flip it out onto a large piece of parchment paper', 'for the filling:', 'in a mixing bowl , combine the egg yolks , cornstarch , and 1 cup of the heavy cream', 'whisk to blend well', 'set aside', 'combine the remaining 1 1 / 2 cups cream and sugar in a large heavy-bottom saucepan over medium heat', 'whisk to dissolve the sugar and bring to a gentle boil , about 10 minutes', 'slowly add the egg yolk mixture , whisking constantly and cook until it thickens , about 5 minutes', 'be forewarned: the mixture will break', ""don't be alarmed"", 'pour it into a glass bowl', 'press a piece of plastic wrap down over the surface of the mixture to prevent a skin from forming', 'let cool completely at room temperature', 'when cooled pour the mixture into the bowl of an electric mixer fitted with a wire whip', 'beat at a medium speed to combine the mixture', 'if it will not combine , warm another 1 / 2 cup heavy cream and slowly add it to the mixture', 'whip until you have a thick and creamy custard', 'for the peaches:', 'heat the butter in a large saute pan over medium-high heat', 'add the light brown sugar and cinnamon , stir until it dissolves', 'add the peaches and cook , stirring , until the sugar starts to turn dark amber in color , 5 to 6 minutes', 'add the rum , carefully ignite it , and flambe the peaches', 'remove from the heat and allow to cool for about 10 minutes', 'place in the bowl of a food processor , pulse several times or until the peach mixture is spreadable', 'to assemble:', 'place the parchment-lined cake on a work surface', 'peel off the cooking paper and roll and unroll the cake in the paper several times', 'using a small pallet knife , spread the peach mixture evenly over the cake', 'spread the pastry cream evenly over the peaches', 'starting at one end and using the paper underneath , roll the filled cakes as tightly as possible', 'wrap the entire jelly roll in plastic wrap and refrigerate for at least 4 hours', 'remove from the refrigerator and slice diagonally 2 inches thick', 'place on each serving plate', 'garnish with whipped cream , mint and powdered sugar']",,"['eggs', 'granulated sugar', 'all-purpose flour', 'baking powder', 'salt', 'pure vanilla extract', 'unsalted butter', 'egg yolks', 'cornstarch', 'heavy cream', 'sugar', 'light brown sugar', 'ground cinnamon', 'fresh peaches', 'rum', 'sweetened whipped cream', 'of fresh mint', ""confectioners' sugar""]",18
oven roasted new potatoes,76477,30,73836,2003-11-14,"['30-minutes-or-less', 'time-to-make', 'course', 'main-ingredient', 'preparation', 'side-dishes', 'eggs-dairy', 'potatoes', 'vegetables', 'oven', 'cheese', 'dietary', 'low-sodium', 'low-in-something', 'equipment']","[367.1, 29.0, 7.0, 11.0, 21.0, 52.0, 13.0]",8,"['scrub the potatoes and cut into bite size pieces', 'cook in water to cover in a saucepan just until tender', 'place half the potatoes in a 2 quart baking dish', 'season with salt and pepper', 'drizzle with half the melted butter', 'sprinkle with half the bacon , half the cheese and half the scallions', 'repeat layers with the remaining ingredients', 'bake at 350f for 20 minutes or until bubbly and heated through']",a decadent and delicious new way of preparing potatoes.,"['new potatoes', 'salt and pepper', 'butter', 'bacon', 'cheddar cheese', 'scallion']",6
hash browns chicken soup,87915,50,52476,2004-03-31,"['60-minutes-or-less', 'time-to-make', 'course', 'preparation', 'soups-stews', 'easy', 'dietary', 'low-cholesterol', 'low-calorie', 'low-carb', 'low-in-something', '3-steps-or-less']","[508.5, 40.0, 13.0, 51.0, 39.0, 47.0, 16.0]",4,"['mix together soups and water', 'heat until very hot', 'drop hash browns into hot soup to cook potatoes and thicken soup', 'add cooked chicken and seasonings and heat through']",i found this recipe in our local monthly electric coop magazine. prep and cook times are estimated.,"['frozen hash browns', 'cream of chicken soup', 'chicken broth', 'water', 'cooked chicken breasts', 'salt and pepper', 'onion flakes']",7
pepperoni parmesan cheese ball,204302,1450,129190,2007-01-08,"['time-to-make', 'course', 'main-ingredient', 'preparation', 'occasion', 'appetizers', 'eggs-dairy', '1-day-or-more', 'easy', 'refrigerator', 'beginner-cook', 'dinner-party', 'holiday-event', 'spreads', 'cheese', 'dietary', 'low-carb', 'inexpensive', 'low-in-something', 'brunch', 'taste-mood', 'savory', 'equipment', 'presentation', 'served-cold', '3-steps-or-less']","[231.3, 33.0, 2.0, 15.0, 12.0, 60.0, 1.0]",3,"['mix all ing', 'together , roll into ball', 'store in refridgerator']",this is a great cheese ball. make sure and let set overnight in fridge.,"['pepperoni', 'cream cheese', 'mayonnaise', 'parmesan cheese', 'oregano', 'garlic powder']",6
crock pot ginger teriyaki pork chops,85545,490,85528,2004-03-02,"['time-to-make', 'course', 'main-ingredient', 'cuisine', 'preparation', 'occasion', 'main-dish', 'pork', 'asian', 'easy', 'beginner-cook', 'dinner-party', 'romantic', 'crock-pot-slow-cooker', 'dietary', 'comfort-food', 'meat', 'pork-chops', 'taste-mood', 'savory', 'equipment']","[589.6, 25.0, 13.0, 11.0, 199.0, 24.0, 1.0]",4,"['mix kikkoman teriyaki sauce , brown sugar and ginger together', 'place chops in crock pot', 'pour sauce over the chops', 'cook on low for 7 hours']",i got this recipe from the kikkoman site. instead of grilling i put it in the crock pot. talk about tender and flavorful! i also used a teaspoon of ground ginger. ummm ummm good!,"['marinade', 'brown sugar', 'fresh gingerroot', 'center-cut pork loin chops']",4
no beans about it mock pecan pie,127337,50,47892,2005-06-23,"['60-minutes-or-less', 'time-to-make', 'course', 'main-ingredient', 'cuisine', 'preparation', 'north-american', 'pies-and-tarts', 'desserts', 'fruit', 'easy', 'beginner-cook', 'pies', 'nuts', 'grains', 'inexpensive', 'tropical-fruit', 'pasta-rice-and-grains']","[504.6, 32.0, 210.0, 10.0, 13.0, 46.0, 24.0]",5,"['preheat oven to 350 degrees', 'blend all ingredients well and pour into the unbaked pie crust', 'bake for 30-35 minutes or until toothpick inserted in center of pie comes out clean and pie is browned', 'set aside to firm up and serve', 'can be served either hot or at room temperature']",a pie i used to make often for my family as a youngster first learning to cook and measure! it was a requirement in our household to serve this pie with vanilla ice cream!,"['eggs', 'raw sugar', 'dark brown sugar', 'butter', 'quick-cooking oats', 'flaked coconut', 'pure vanilla extract', 'pie crust']",8
